,mse_train,mse_test,r2
0,264.31317138671875,49816754463.89992,-62492567.48099866
