,mse_train,mse_test,r2
0,264.94647216796875,263.730431843582,0.66916367294759
