,mse_train,mse_test,r2
0,277.3822937011719,275.94197168924916,0.6538449212891132
