,mse_train,mse_test,r2
0,276.98394775390625,2562.9928603601106,-2.215143350184159
