,mse_train,mse_test,r2_train,r2_test
0,775.4235229492188,770.6756393383888,0.09453616291284561,0.1486354903512278
