,mse_train,mse_test,r2
0,360.9345397949219,360.2785483677246,0.5480490028225286
